{"cameraMode":{"drawMode":0,"name":"Shaded","section":"Shading Mode"},"sceneLighting":false,"audioPlay":false,"sceneViewState":{"m_AlwaysRefresh":false,"showFog":true,"showSkybox":false,"showFlares":true,"showImageEffects":true,"showParticleSystems":true,"showVisualEffectGraphs":true,"m_FxEnabled":true},"in2DMode":false,"pivot":{"x":11.812926292419434,"y":2.9285202026367189,"z":2.591615676879883},"rotation":{"x":-0.21869267523288728,"y":-0.05354316532611847,"z":0.012022536247968674,"w":-0.9742616415023804},"size":7.712275981903076,"orthographic":false}