{"cameraMode":{"drawMode":0,"name":"Shaded","section":"Shading Mode"},"sceneLighting":false,"audioPlay":false,"sceneViewState":{"m_AlwaysRefresh":false,"showFog":true,"showSkybox":false,"showFlares":true,"showImageEffects":true,"showParticleSystems":true,"showVisualEffectGraphs":true,"m_FxEnabled":true},"in2DMode":false,"pivot":{"x":14.315860748291016,"y":0.2922677993774414,"z":2.529726505279541},"rotation":{"x":-0.21869267523288728,"y":-0.05354316532611847,"z":0.012022536247968674,"w":-0.9742616415023804},"size":9.79366683959961,"orthographic":false}